name,brand,accords,notes,rating,score,source,url
Acqua di Parma Blu Mediterraneo Bergamotto di Calabria Acqua di Parma for women and men,Acqua di Parma,"[['citrus', 100.0], ['fresh spicy', 61.711780130074], ['woody', 51.517106237753], ['aromatic', 50.446227939407]]","{'head': ['Bergamot', 'Citron'], 'heart': ['Ginger', 'Cedar', 'Flowers'], 'base': ['Vetyver', 'Musk', 'Benzoin']}",4.13,2.57585531188765,Fragrantica,https://www.fragrantica.com/perfume/Acqua-di-Parma/Acqua-di-Parma-Blu-Mediterraneo-Bergamotto-di-Calabria-7826.html
Blu Mediterraneo Quercia Marina Acqua di Parma for women and men,Acqua di Parma,"[['aromatic', 100.0], ['green', 82.093038489973], ['marine', 82.093038489973], ['woody', 69.069615100272], ['aquatic', 66.465061436098], ['fresh spicy', 56.046519244986], ['floral', 53.441965580812], ['warm spicy', 50.511515174202]]","{'head': [], 'heart': [], 'base': []}",4.16,3.4534807550136004,Fragrantica,https://www.fragrantica.com/perfume/Acqua-di-Parma/Blu-Mediterraneo-Quercia-Marina-6096.html
Note di Colonia III Acqua di Parma for women and men,Acqua di Parma,"[['amber', 100.0], ['warm spicy', 64.645193939925], ['aromatic', 55.593455374292], ['woody', 51.227276712067], ['citrus', 50.87219171641], ['balsamic', 48.068052312376], ['sweet', 47.92607410123]]","{'head': ['Mandarin Orange', 'Ginger'], 'heart': ['Olibanum', 'Vetiver', 'Jasmine'], 'base': ['Myrhh', 'Labdanum', 'Tonka Bean']}",4.44,2.56136383560335,Fragrantica,https://www.fragrantica.com/perfume/Acqua-di-Parma/Note-di-Colonia-III-39626.html
Acqua di Parma Magnolia Nobile Acqua di Parma for women,Acqua di Parma,"[['citrus', 100.0], ['floral', 70.215743020978], ['white floral', 52.723229853858], ['woody', 46.891049954162], ['aromatic', 46.878970358253]]","{'head': ['Citron', 'Lemon', 'Bergamot'], 'heart': ['Magnolia', 'Jasmine', 'Tuberose', 'Rose'], 'base': ['Vetiver', 'Sandalwood', 'Vanilla', 'Patchouli']}",4.12,2.350251913679,Fragrantica,https://www.fragrantica.com/perfume/Acqua-di-Parma/Acqua-di-Parma-Magnolia-Nobile-6483.html
Acqua di Parma Blu Mediterraneo Arancia di Capri Acqua di Parma for women and men,Acqua di Parma,"[['citrus', 100.0]]","{'head': ['Orange', 'Sicilian Mandarin', 'Bergamot', 'Lemon'], 'heart': ['Petitgrain', 'Cardamom'], 'base': ['Caramel', 'Musk']}",4.14,0.0,Fragrantica,https://www.fragrantica.com/perfume/Acqua-di-Parma/Acqua-di-Parma-Blu-Mediterraneo-Arancia-di-Capri-1685.html
Magnolia Nobile Special Edition Acqua di Parma for women,Acqua di Parma,"[['citrus', 100.0], ['floral', 83.498044458193], ['white floral', 77.894920010606], ['woody', 63.618359996465], ['tuberose', 51.491404454658], ['fresh', 48.42109333569], ['rose', 48.42109333569], ['fresh spicy', 47.653515555948], ['aromatic', 46.732422220258]]","{'head': ['Citruses', 'Bergamot', 'Cedar'], 'heart': ['Magnolia', 'Jasmine', 'Tuberose', 'Rose'], 'base': ['Vanilla', 'Patchouli', 'Vetiver', 'Sandalwood']}",3.98,3.1809179998232504,Fragrantica,https://www.fragrantica.com/perfume/Acqua-di-Parma/Magnolia-Nobile-Special-Edition-14629.html
Cedro di Taormina Acqua di Parma for women and men,Acqua di Parma,"[['woody', 100.0], ['fresh spicy', 98.762903552272], ['aromatic', 95.344284485376], ['citrus', 90.662888371622], ['green', 60.70337010424], ['lavender', 59.596004959012], ['fresh', 58.505465033903], ['herbal', 51.530525756502]]","{'head': ['Citruses', 'Petitgrain', 'Basil'], 'heart': ['Lavender', 'Black Pepper'], 'base': ['Virginian Cedar', 'Vetiver', 'Labdanum']}",4.17,5.0,Fragrantica,https://www.fragrantica.com/perfume/Acqua-di-Parma/Cedro-di-Taormina-35398.html
Colonia Oud Acqua di Parma for men,Acqua di Parma,"[['woody', 100.0], ['citrus', 92.082663940412], ['oud', 84.295311815394], ['leather', 79.320383622998], ['aromatic', 74.907258653425], ['fresh spicy', 64.048488389076], ['animalic', 56.963633708193], ['powdery', 53.773428752252], ['balsamic', 48.79801372864], ['musky', 45.358551190302]]","{'head': ['Calabrian bergamot', 'Italian Orange'], 'heart': ['Agarwood (Oud)', 'Amyris', 'Coriander'], 'base': ['Leather', 'Atlas Cedar', 'Sandalwood', 'Musk', 'Indonesian Patchouli Leaf']}",4.2,5.0,Fragrantica,https://www.fragrantica.com/perfume/Acqua-di-Parma/Colonia-Oud-39468.html
Rosa Nobile Edizione Speciale Acqua di Parma for women,Acqua di Parma,"[['floral', 100.0], ['rose', 97.777752024229], ['citrus', 93.365164719698], ['fresh', 80.79369862167], ['powdery', 72.539634711663], ['violet', 64.920498794734], ['fresh spicy', 64.920498794734], ['woody', 60.000077260647], ['amber', 52.222479757711], ['white floral', 52.222479757711]]","{'head': ['Mandarin Orange', 'Bergamot', 'Pepper'], 'heart': ['Rose', 'Peony', 'Violet', 'Lily-of-the-Valley'], 'base': ['Cedar', 'Ambergris', 'Musk']}",3.95,3.00000386303235,Fragrantica,https://www.fragrantica.com/perfume/Acqua-di-Parma/Rosa-Nobile-Edizione-Speciale-34647.html
Colonia Assoluta In Villa Acqua di Parma for women and men,Acqua di Parma,"[['woody', 100.0], ['citrus', 95.333512160229], ['warm spicy', 69.199973175966], ['fresh', 62.666756080114]]","{'head': [], 'heart': [], 'base': []}",4.39,5.0,Fragrantica,https://www.fragrantica.com/perfume/Acqua-di-Parma/Colonia-Assoluta-In-Villa-5859.html
Rosa Nobile Hair Mist Acqua di Parma for women,Acqua di Parma,"[['rose', 100.0], ['floral', 98.707081545064], ['citrus', 88.992012398665], ['fresh', 83.192656175489], ['powdery', 77.282427277062], ['fresh spicy', 76.912851692895], ['woody', 67.863018597997], ['white floral', 63.245112064855], ['violet', 63.245112064855], ['musky', 59.551740581784]]","{'head': ['Bergamot', 'Pepper', 'Orange'], 'heart': ['Rose', 'Lily-of-the-Valley', 'Peony', 'Violet'], 'base': ['Cedar', 'Musk', 'Ambergris']}",4.05,3.39315092989985,Fragrantica,https://www.fragrantica.com/perfume/Acqua-di-Parma/Rosa-Nobile-Hair-Mist-53650.html
Colonia Leather Eau de Cologne Concentrée Acqua di Parma for men,Acqua di Parma,"[['leather', 100.0], ['woody', 75.2292201851], ['animalic', 65.235862335926], ['citrus', 64.868828518141], ['smoky', 56.610567617975], ['rose', 55.823846641095]]","{'head': ['Brazilian Orange', 'Raspberry', 'Sicilian Lemon'], 'heart': ['Rose', 'Petitgrain Paraguay', 'Red Thyme', 'Honeysuckle'], 'base': ['Leather', 'Guaiac Wood', 'Atlas Cedar']}",4.42,3.7614610092550005,Fragrantica,https://www.fragrantica.com/perfume/Acqua-di-Parma/Colonia-Leather-Eau-de-Cologne-Concentree-25349.html
Colonia Vaniglia Acqua di Parma for men,Acqua di Parma,"[['vanilla', 100.0], ['citrus', 98.599950817944], ['musky', 84.599868847852], ['powdery', 81.380083609494], ['white floral', 77.600032788037], ['sweet', 53.240160661382], ['fresh spicy', 45.400131152148], ['floral', 44.13984097802]]","{'head': ['Mandarin Orange', 'Bergamot'], 'heart': ['Vanilla', 'Jasmine Sambac'], 'base': []}",4.05,5.0,Fragrantica,https://www.fragrantica.com/perfume/Acqua-di-Parma/Colonia-Vaniglia-50214.html
Sakura Eau de Parfum Acqua di Parma for women and men,Acqua di Parma,"[['floral', 100.0], ['citrus', 72.558801429905], ['musky', 68.524465493294], ['fresh', 63.204535622396], ['white floral', 53.939206266081], ['fruity', 52.21020515039], ['powdery', 49.46178191671]]","{'head': ['Calabrian bergamot', 'Yellow Mandarin', 'Pink Pepper'], 'heart': ['Cherry Blossom', 'Jasmine Sambac'], 'base': []}",3.96,0.0,Fragrantica,https://www.fragrantica.com/perfume/Acqua-di-Parma/Sakura-Eau-de-Parfum-56007.html
Colonia Club Acqua di Parma for women and men,Acqua di Parma,"[['aromatic', 100.0], ['citrus', 85.239310818118], ['green', 83.686052073369], ['fresh spicy', 80.096961693632], ['lavender', 51.024310610157]]","{'head': ['Mint', 'Bergamot', 'Neroli', 'Lemon', 'Petitgrain', 'Mandarin Orange'], 'heart': ['Lavender', 'Geranium', 'Galbanum'], 'base': ['Haitian Vetiver', 'Ambergris', 'Musk']}",4.03,0.0,Fragrantica,https://www.fragrantica.com/perfume/Acqua-di-Parma/Colonia-Club-31424.html
Acqua di Parma Blu Mediterraneo - Fico di Amalfi Acqua di Parma for women and men,Acqua di Parma,"[['citrus', 100.0], ['woody', 74.767734591955], ['fruity', 60.06818358774], ['sweet', 51.247362937641], ['fresh spicy', 45.022931783043], ['aromatic', 44.94766659375]]","{'head': ['Grapefruit', 'Bergamot', 'Citron', 'Lemon'], 'heart': ['Fig Nectar', 'Jasmine', 'Pink Pepper'], 'base': ['Fig Tree', 'Cedar', 'Benzoin']}",4.32,3.7493986385250504,Fragrantica,https://www.fragrantica.com/perfume/Acqua-di-Parma/Acqua-di-Parma-Blu-Mediterraneo-Fico-di-Amalfi-1687.html
Leather Eau de Parfum Acqua di Parma for women and men,Acqua di Parma,"[['leather', 100.0], ['woody', 92.250159246939], ['citrus', 69.964257909265], ['animalic', 65.97641965697], ['fruity', 65.83315639229], ['smoky', 58.380989454314], ['rose', 57.92849222639], ['sweet', 57.452461839715], ['aromatic', 54.642932974733]]","{'head': ['Raspberry', 'Brazilian Orange', 'Sicilian Lemon'], 'heart': ['Rose', 'Red Thyme', 'Petitgrain', 'Honeysuckle'], 'base': ['Leather', 'Guaiac Wood', 'Cedar']}",4.08,4.5502296929858,Fragrantica,https://www.fragrantica.com/perfume/Acqua-di-Parma/Leather-Eau-de-Parfum-55999.html
Colonia Sandalo Concentrée  Acqua di Parma for men,Acqua di Parma,"[['citrus', 100.0], ['aromatic', 85.070943861814], ['woody', 82.218207455715], ['warm spicy', 80.625716048295], ['lavender', 66.492905613819], ['fresh spicy', 59.426720719133], ['powdery', 58.91248788226], ['amber', 58.530889221821], ['sweet', 47.881378337887], ['vanilla', 44.862518727417]]","{'head': ['Orange', 'Bergamot', 'Lemon', 'Petitgrain'], 'heart': ['Lavender', 'Cardamom'], 'base': ['Sandalwood', 'Tonka Bean', 'Amber']}",4.28,6.3540363091566,Fragrantica,https://www.fragrantica.com/perfume/Acqua-di-Parma/Colonia-Sandalo-Concentree-38166.html
Colonia Ebano Acqua di Parma for men,Acqua di Parma,"[['woody', 100.0], ['warm spicy', 66.04112964284], ['honey', 55.291929434522], ['amber', 53.351510085472], ['aromatic', 53.024634896738], ['citrus', 49.077931001282], ['earthy', 47.006700306787], ['balsamic', 46.047212873692]]","{'head': ['Resins', 'Red Pepper', 'Petitgrain', 'Bergamot'], 'heart': ['Ebony', 'Honey'], 'base': ['Vetiver', 'Patchouli']}",4.02,5.0,Fragrantica,https://www.fragrantica.com/perfume/Acqua-di-Parma/Colonia-Ebano-43409.html
Mirto Di Panarea Forte Special Edition Eau De Toilette Acqua di Parma for women and men,Acqua di Parma,"[['aromatic', 100.0], ['fresh spicy', 78.368092115159], ['herbal', 59.166578923618], ['citrus', 54.366332240306], ['marine', 48.229144730905], ['woody', 44.097236846064]]","{'head': ['Myrtle', 'Italian Lemon', 'Basil', 'Bergamot'], 'heart': ['Sea Notes', 'Jasmine', 'Damask Rose'], 'base': ['Juniper', 'Mastic or Lentisque', 'Cedar', 'Amber']}",4.37,2.2048618423032003,Fragrantica,https://www.fragrantica.com/perfume/Acqua-di-Parma/Mirto-Di-Panarea-Forte-Special-Edition-Eau-De-Toilette-73942.html
Oud and Zagara Acqua di Parma for women and men,Acqua di Parma,"[['citrus', 100.0], ['musky', 89.684391586397], ['white floral', 88.947513269117], ['amber', 85.263121682721], ['yellow floral', 77.895026538235], ['oud', 77.895026538235], ['sweet', 77.526243365441], ['woody', 73.473756634559], ['leather', 72.0], ['warm spicy', 64.447513269117]]","{'head': ['Lemon', 'Nutmeg'], 'heart': ['Orange Blossom', 'Ylang-Ylang', 'Agarwood (Oud)', 'Saffron'], 'base': ['Suede', 'Labdanum', 'Musk', 'Ambergris', 'Vetiver']}",3.7,3.6736878317279498,Fragrantica,https://www.fragrantica.com/perfume/Acqua-di-Parma/Oud-and-Zagara-93634.html
Mirto di Panarea Limited Edition Acqua di Parma for women and men,Acqua di Parma,"[['aromatic', 100.0], ['fresh spicy', 69.851632425816], ['citrus', 68.638724319362], ['herbal', 56.683085841543], ['marine', 54.257567128784], ['woody', 51.831750915875]]","{'head': ['Myrtle', 'Italian Lemon', 'Bergamot', 'Basil'], 'heart': ['Sea Notes', 'Jasmine', 'Damask Rose'], 'base': ['Juniper', 'Virginian Cedar', 'Amber', 'Mastic or Lentisque']}",4.0,2.5915875457937503,Fragrantica,https://www.fragrantica.com/perfume/Acqua-di-Parma/Mirto-di-Panarea-Limited-Edition-64668.html
Bergamotto di Calabria La Spugnatura Acqua di Parma for women and men,Acqua di Parma,"[['citrus', 100.0], ['fresh spicy', 65.945868650993], ['aromatic', 52.778255943172]]","{'head': [], 'heart': ['Orange', 'Grapefruit', 'Mandarin Orange'], 'base': ['Geranium', 'Fennel']}",4.09,0.0,Fragrantica,https://www.fragrantica.com/perfume/Acqua-di-Parma/Bergamotto-di-Calabria-La-Spugnatura-66175.html
Colonia Intensa Oud Eau de Cologne Concentree Acqua di Parma for men,Acqua di Parma,"[['oud', 100.0], ['leather', 82.700360280355], ['citrus', 77.093813407375], ['aromatic', 71.471528858962], ['animalic', 59.473911992671], ['fresh', 53.546709982745], ['fresh spicy', 53.418841369852], ['woody', 51.400484495579], ['musky', 50.823698690963], ['smoky', 45.810068739918]]","{'head': [], 'heart': ['Agarwood (Oud)', 'Coriander', 'Amyris'], 'base': ['Leather', 'Musk']}",4.34,2.57002422477895,Fragrantica,https://www.fragrantica.com/perfume/Acqua-di-Parma/Colonia-Intensa-Oud-Eau-de-Cologne-Concentree-15519.html
Vaniglia Eau de Parfum Acqua di Parma for women and men,Acqua di Parma,"[['vanilla', 100.0], ['powdery', 87.390658990369], ['citrus', 66.230649062444], ['white floral', 57.421416091999], ['musky', 52.239233797772], ['woody', 51.280605019442], ['floral', 49.540492794954], ['almond', 46.841411128036]]","{'head': ['Heliotrope', 'Neroli', 'Calabrian bergamot', 'Mandarin Orange'], 'heart': ['Vanilla', 'Jasmine Sambac'], 'base': ['Musk', 'Cedar']}",4.07,7.566414419709551,Fragrantica,https://www.fragrantica.com/perfume/Acqua-di-Parma/Vaniglia-Eau-de-Parfum-56003.html
Colonia Artist Edition by Clym Evernden Acqua di Parma for women and men,Acqua di Parma,"[['woody', 100.0], ['aromatic', 78.861327285987], ['citrus', 76.089271621095], ['earthy', 53.564221420793], ['powdery', 51.831686630236], ['fresh spicy', 51.485179672125], ['fresh', 48.71277435339], ['warm spicy', 47.326746520944]]","{'head': [], 'heart': [], 'base': []}",4.75,5.0,Fragrantica,https://www.fragrantica.com/perfume/Acqua-di-Parma/Colonia-Artist-Edition-by-Clym-Evernden-52150.html
Acqua di Parma Profumo 2008 Acqua di Parma for women,Acqua di Parma,"[['woody', 100.0], ['amber', 67.80360029741], ['earthy', 67.80360029741], ['floral', 62.19639970259], ['mossy', 57.722767549574], ['yellow floral', 57.722767549574], ['white floral', 55.832372662842], ['rose', 54.887413965989], ['citrus', 53.532766253522], ['patchouli', 53.312164475883]]","{'head': ['Ylang-Ylang', 'Bergamot', 'Peony'], 'heart': ['Jasmine', 'Amber', 'French labdanum', 'Rose'], 'base': ['Oakmoss', 'Patchouli', 'Sandalwood', 'Vetiver', 'Musk']}",4.29,5.0,Fragrantica,https://www.fragrantica.com/perfume/Acqua-di-Parma/Acqua-di-Parma-Profumo-2008-5069.html
Fico di Amalfi La Riserva Acqua di Parma for women and men,Acqua di Parma,"[['citrus', 100.0], ['fruity', 79.000066850027], ['sweet', 70.250066850027], ['iris', 56.25], ['woody', 50.999933149973], ['amber', 49.250133700053], ['vanilla', 48.375066850027], ['aromatic', 46.624933149973], ['powdery', 45.749866299947]]","{'head': ['Italian Mandarin', 'Blood Orange', 'Grapefruit', 'Lemon'], 'heart': ['Fig', 'Orris', 'Lemon'], 'base': ['Tonka Bean', 'Ambrettolide', 'Orcanox™']}",4.37,5.761100397661901,Fragrantica,https://www.fragrantica.com/perfume/Acqua-di-Parma/Fico-di-Amalfi-La-Riserva-107110.html
Ambra Eau de Parfum Acqua di Parma for women and men,Acqua di Parma,"[['woody', 100.0], ['amber', 78.897604823851], ['citrus', 67.835799229524], ['powdery', 61.102339344537], ['animalic', 56.873653062364], ['musky', 55.891909999442], ['balsamic', 54.629166434035], ['rose', 46.152252805538], ['warm spicy', 45.911897716487], ['earthy', 45.110323265033]]","{'head': ['Orange', 'Calabrian bergamot', 'Petitgrain'], 'heart': ['Cedar', 'Rose', 'Cypriol Oil or Nagarmotha', 'Patchouli'], 'base': ['Ambergris', 'Sandalwood', 'Musk', 'Labdanum', 'Vanilla']}",3.87,5.0,Fragrantica,https://www.fragrantica.com/perfume/Acqua-di-Parma/Ambra-Eau-de-Parfum-56000.html
Acqua di Parma Blu Mediterraneo - Ginepro di Sardegna Acqua di Parma for women and men,Acqua di Parma,"[['fresh spicy', 100.0], ['aromatic', 79.595919881541], ['woody', 77.703554091375]]","{'head': ['Juniper', 'Allspice', 'Pepper', 'Nutmeg', 'Bergamot'], 'heart': ['Cypress', 'Sage'], 'base': []}",4.21,3.88517770456875,Fragrantica,https://www.fragrantica.com/perfume/Acqua-di-Parma/Acqua-di-Parma-Blu-Mediterraneo-Ginepro-di-Sardegna-23851.html
Essenza di Colonia Acqua di Parma for men,Acqua di Parma,"[['citrus', 100.0], ['aromatic', 63.807159328463], ['white floral', 62.443999051745], ['fresh spicy', 58.769078252624], ['woody', 48.677830219176], ['green', 46.246589513157]]","{'head': [], 'heart': [], 'base': []}",4.34,2.44520666111715,Fragrantica,https://www.fragrantica.com/perfume/Acqua-di-Parma/Essenza-di-Colonia-9829.html
Colonia Mirra Acqua di Parma for men,Acqua di Parma,"[['amber', 100.0], ['warm spicy', 57.514439553592], ['fresh spicy', 56.381483818912], ['balsamic', 51.404531183844], ['citrus', 50.716705145514], ['patchouli', 49.421858648154], ['sweet', 47.528379814183]]","{'head': ['Orange Blossom', 'Citruses'], 'heart': ['Myrhh', 'Nutmeg'], 'base': ['Amber', 'Patchouli']}",4.16,0.0,Fragrantica,https://www.fragrantica.com/perfume/Acqua-di-Parma/Colonia-Mirra-44015.html
Colonia C.L.U.B. Acqua di Parma for men,Acqua di Parma,"[['aromatic', 100.0], ['fresh spicy', 96.659123296232], ['citrus', 84.744180321272], ['woody', 60.511639357456], ['green', 56.889069845613], ['musky', 54.674964374145], ['powdery', 46.020698503477]]","{'head': ['Bergamot', 'Lemon', 'Pink Pepper', 'Black Pepper'], 'heart': ['Shiso', 'Rosemary'], 'base': ['Musk', 'Cedar']}",4.03,3.01442772101965,Fragrantica,https://www.fragrantica.com/perfume/Acqua-di-Parma/Colonia-C-L-U-B-72707.html
Acqua Nobile Gelsomino Acqua di Parma for women,Acqua di Parma,"[['citrus', 100.0], ['white floral', 75.192026340973], ['aromatic', 53.044036786531], ['fresh spicy', 47.72406857736], ['green', 47.164095826643]]","{'head': [], 'heart': [], 'base': []}",4.13,0.0,Fragrantica,https://www.fragrantica.com/perfume/Acqua-di-Parma/Acqua-Nobile-Gelsomino-17384.html
Chinotto di Liguria Acqua di Parma for women and men,Acqua di Parma,"[['aromatic', 100.0], ['citrus', 90.517180218573], ['fresh spicy', 71.712433609182], ['warm spicy', 57.988570817682], ['woody', 52.503923922076], ['musky', 52.132475496747], ['white floral', 49.870789983916]]","{'head': ['Chinotto', 'Mandarin Orange'], 'heart': ['Rosemary', 'Jasmine', 'Geranium', 'Cardamom'], 'base': ['Musk', 'Patchouli']}",3.89,2.62136843583125,Fragrantica,https://www.fragrantica.com/perfume/Acqua-di-Parma/Chinotto-di-Liguria-48940.html
Acqua di Parma Profumo Acqua di Parma for women,Acqua di Parma,"[['woody', 100.0], ['rose', 89.741491002571], ['yellow floral', 86.72411311054], ['white floral', 81.896692373608], ['floral', 74.655081405313], ['sweet', 60.896452442159], ['aromatic', 49.18971722365], ['earthy', 48.103307626392], ['musky', 47.379194515853], ['powdery', 46.655081405313]]","{'head': ['Ylang-Ylang', 'Peony', 'Bergamot'], 'heart': ['Bulgarian Rose', 'Jasmine', 'Labdanum'], 'base': ['Vetiver', 'Sandalwood', 'Patchouli', 'Musk']}",4.29,5.0,Fragrantica,https://www.fragrantica.com/perfume/Acqua-di-Parma/Acqua-di-Parma-Profumo-1683.html
Acqua di Parma Blu Mediterraneo - Arancia La Spugnatura Acqua di Parma for women and men,Acqua di Parma,"[['citrus', 100.0], ['sweet', 45.842133336136], ['fresh spicy', 45.578934645692]]","{'head': ['Sicilian Orange', 'Mandarin Orange', 'Lemon'], 'heart': ['Bitter Almond', 'Black Pepper'], 'base': ['Cedar', 'Musk']}",4.1,0.0,Fragrantica,https://www.fragrantica.com/perfume/Acqua-di-Parma/Acqua-di-Parma-Blu-Mediterraneo-Arancia-La-Spugnatura-80686.html
Acqua di Parma Iris Nobile Acqua di Parma for women,Acqua di Parma,"[['white floral', 100.0], ['powdery', 92.677261939682], ['citrus', 85.520030576962], ['yellow floral', 82.665351146192], ['iris', 78.579948979138], ['tuberose', 75.898864919158], ['sweet', 70.023377154387], ['floral', 67.212252117721], ['woody', 60.228616125792], ['violet', 54.290285592384]]","{'head': ['Iris', 'Star Anise', 'Bergamot', 'Mandarin Orange', 'Orange'], 'heart': ['Tuberose', 'Orange Blossom', 'Mimosa', 'Ylang-Ylang', 'Hibiscus', 'Cedar'], 'base': ['Vanilla', 'Amber']}",4.01,3.0139878513663003,Fragrantica,https://www.fragrantica.com/perfume/Acqua-di-Parma/Acqua-di-Parma-Iris-Nobile-1564.html
Iris Nobile 10th Anniversary Special Edition Acqua di Parma for women,Acqua di Parma,"[['powdery', 100.0], ['citrus', 97.231552211081], ['yellow floral', 88.333775612715], ['floral', 79.830733362397], ['sweet', 74.293837784559], ['woody', 73.898440017438], ['white floral', 71.920787762761], ['iris', 69.547737740963], ['soft spicy', 64.209204465758], ['anis', 61.6384555604]]","{'head': ['Iris Flower', 'Star Anise', 'Mandarin Orange', 'Orange', 'Bergamot'], 'heart': ['Ylang-Ylang', 'Mimosa', 'Tuberose', 'Cedar', 'Hibiscus', 'Orange Blossom'], 'base': ['Vanila', 'Amber']}",3.78,3.6949220008719004,Fragrantica,https://www.fragrantica.com/perfume/Acqua-di-Parma/Iris-Nobile-10th-Anniversary-Special-Edition-25511.html
Colonia Il Profumo Acqua di Parma for women and men,Acqua di Parma,"[['citrus', 100.0], ['aromatic', 56.198224852071], ['fresh spicy', 49.943375524119], ['woody', 48.345089279883]]","{'head': ['Orange', 'Bergamot', 'Lemon', 'Petitgrain', 'Pineapple'], 'heart': ['Verbena', 'Neroli', 'Lavender', 'Ylang-Ylang', 'Rose'], 'base': ['Moss', 'Vetiver', 'Cedar', 'Patchouli', 'Leather', 'Sandalwood']}",4.18,2.40037641841745,Fragrantica,https://www.fragrantica.com/perfume/Acqua-di-Parma/Colonia-Il-Profumo-100793.html
Magnolia Nobile Special Edition 2016 Acqua di Parma for women,Acqua di Parma,"[['citrus', 100.0], ['woody', 90.135685122097], ['floral', 80.067940082698], ['white floral', 78.435037578342], ['aromatic', 61.836592723585], ['rose', 53.129144670117], ['tuberose', 53.129144670117], ['powdery', 51.360622058097], ['vanilla', 47.687046524328], ['earthy', 45.782448703612]]","{'head': ['Bergamot', 'Lemon', 'Cedar'], 'heart': ['Magnolia', 'Jasmine', 'Rose', 'Tuberose'], 'base': ['Sandalwood', 'Vanilla', 'Vetiver', 'Patchouli']}",3.96,6.89113658232125,Fragrantica,https://www.fragrantica.com/perfume/Acqua-di-Parma/Magnolia-Nobile-Special-Edition-2016-35351.html
Colonia Ambra Acqua di Parma for men,Acqua di Parma,"[['amber', 100.0], ['musky', 98.227852968317], ['marine', 86.369194094125], ['animalic', 82.233928022147], ['powdery', 64.11373423562], ['aromatic', 61.72139341741], ['salty', 58.147493079053], ['balsamic', 51.000076899416], ['aquatic', 45.860888957244]]","{'head': [], 'heart': [], 'base': []}",4.08,0.0,Fragrantica,https://www.fragrantica.com/perfume/Acqua-di-Parma/Colonia-Ambra-30427.html
Gelsomino Nobile Edizione Speciale Acqua di Parma for women,Acqua di Parma,"[['white floral', 100.0], ['citrus', 62.291569124901], ['tuberose', 54.999981852695], ['musky', 53.749995463174], ['woody', 46.666739255888], ['animalic', 45.625083931287]]","{'head': ['Mandarin Orange', 'Pink Pepper'], 'heart': ['Jasmine', 'Tuberose', 'Orange Blossom'], 'base': ['Musk', 'Cedar']}",3.78,2.3333369627944,Fragrantica,https://www.fragrantica.com/perfume/Acqua-di-Parma/Gelsomino-Nobile-Edizione-Speciale-23906.html
Acqua di Parma Iris Nobile Edizione Speciale 2008 Acqua di Parma for women,Acqua di Parma,"[['iris', 100.0], ['powdery', 91.60031833208], ['citrus', 91.384832001119], ['earthy', 88.692477218267], ['woody', 82.553565494202], ['violet', 65.0], ['vanilla', 60.154006261697], ['mossy', 59.077186783971], ['yellow floral', 57.999755129169], ['patchouli', 55.846116173718]]","{'head': ['Bergamot', 'Mandarin Orange', 'Star Anise'], 'heart': ['Iris', 'Ylang-Ylang'], 'base': ['Vanilla', 'Oakmoss', 'Patchouli']}",4.17,7.135378587794951,Fragrantica,https://www.fragrantica.com/perfume/Acqua-di-Parma/Acqua-di-Parma-Iris-Nobile-Edizione-Speciale-2008-5068.html
Sandalo Eau de Parfum Acqua di Parma for women and men,Acqua di Parma,"[['citrus', 100.0], ['aromatic', 90.907423763324], ['woody', 83.696509597427], ['warm spicy', 79.616979389298], ['lavender', 71.548533248832], ['amber', 64.17196486], ['fresh spicy', 61.672993035376], ['powdery', 59.941882808233], ['vanilla', 48.922337362882], ['sweet', 48.365437126233]]","{'head': ['Calabrian bergamot', 'Orange', 'Lemon', 'Petitgrain'], 'heart': ['Lavender', 'Cardamom'], 'base': ['Sandalwood', 'Tonka Bean', 'Amber']}",3.99,6.6917717498547,Fragrantica,https://www.fragrantica.com/perfume/Acqua-di-Parma/Sandalo-Eau-de-Parfum-56002.html
Acqua di Parma Colonia Edizione Centenario Acqua di Parma for women and men,Acqua di Parma,"[['citrus', 100.0], ['aromatic', 97.54381273969], ['woody', 97.432046326147], ['fresh spicy', 64.386086876805], ['powdery', 57.910586869165], ['white floral', 54.561337835567], ['lavender', 54.561337835567], ['musky', 54.561337835567], ['rose', 54.561337835567], ['earthy', 53.668276062277]]","{'head': ['Lemon', 'Rosemary', 'Citruses', 'Lemon Verbena'], 'heart': ['Jasmine', 'Lavender', 'Rose'], 'base': ['Musk', 'Sandalwood', 'Vetiver', 'Amber', 'Patchouli']}",3.75,4.87160231630735,Fragrantica,https://www.fragrantica.com/perfume/Acqua-di-Parma/Acqua-di-Parma-Colonia-Edizione-Centenario-42460.html
Acqua di parma Blue Mediterraneo - Mirto di Panarea Acqua di Parma for women and men,Acqua di Parma,"[['aromatic', 100.0], ['fresh spicy', 79.110359039657], ['citrus', 68.28672910349], ['herbal', 56.616641814801], ['woody', 50.011225224923], ['marine', 47.401192889574]]","{'head': ['Myrtle', 'Lemon', 'Bergamot', 'Basil'], 'heart': ['Sea Notes', 'Jasmine', 'Rose'], 'base': ['Juniper', 'Cedar', 'Mastic or Lentisque', 'Amber']}",4.11,2.5014126126428002,Fragrantica,https://www.fragrantica.com/perfume/Acqua-di-Parma/Acqua-di-parma-Blue-Mediterraneo-Mirto-di-Panarea-3108.html
Acqua di Parma Colonia Acqua di Parma for women and men,Acqua di Parma,"[['citrus', 100.0], ['aromatic', 85.23470245387], ['fresh spicy', 71.947934233873], ['woody', 65.668510593884], ['lavender', 62.643389603327], ['fresh', 56.017117211147]]","{'head': [], 'heart': [], 'base': []}",4.15,3.2781860258512503,Fragrantica,https://www.fragrantica.com/perfume/Acqua-di-Parma/Acqua-di-Parma-Colonia-1681.html
Lily of the Valley Acqua di Parma for women and men,Acqua di Parma,"[['white floral', 100.0], ['floral', 68.11088941528], ['citrus', 64.888884520498], ['fresh spicy', 61.110958217434], ['fresh', 59.222339076675], ['aromatic', 55.666643732615], ['green', 51.888717429552], ['fruity', 47.666673219253]]","{'head': ['Black Currant', 'Bergamot', 'Grapefruit'], 'heart': ['Lily-of-the-Valley', 'Jasmine', 'Magnolia', 'Geranium'], 'base': ['Musk', 'Cedar']}",3.6,0.0,Fragrantica,https://www.fragrantica.com/perfume/Acqua-di-Parma/Lily-of-the-Valley-68638.html
Acqua di Parma Colonia Assoluta Edizione Riviera Acqua di Parma for women,Acqua di Parma,"[['citrus', 100.0], ['woody', 78.348005069191], ['aromatic', 67.217473399505], ['fresh spicy', 59.739268369439], ['rose', 45.652105500413], ['sweet', 44.434861745469]]","{'head': ['Orange', 'Bergamot', 'Sicilian Lemon'], 'heart': ['Lemon Verbena', 'Bulgarian Rose', 'Lavender'], 'base': ['Cedar', 'Sandalwood', 'Rosemary', 'Ylang-Ylang']}",3.43,3.9174002534595505,Fragrantica,https://www.fragrantica.com/perfume/Acqua-di-Parma/Acqua-di-Parma-Colonia-Assoluta-Edizione-Riviera-1680.html
